5.1,138.27, 1
5.7,215.31,0
5.5,134.2, 1
5.5,246.65,0
5.5,146.6, 1
5.6,191.02,0
5,98.37, 1
6.1,238.06,0
5.4,166.88, 1
5.7,176.24,0
5.5,109.55, 1
5.7,228.94,0
5,152.77, 1
5.6,274.65,0
5.2,131.62, 1
5.9,237.3,0
5.2,165.21, 1
5.7,193.56,0
5.4,143.33, 1
5.8,131.01,0
5.1,167.38, 1
6.3,225.97,0
4.8,151.54, 1
5.5,159.38,0
5.1,95.94, 1
5.7,208.87,0
5.5,152.52, 1
5.6,197.44,0
5.3,119.13, 1
5.1,152.54,0
5.1,165.54, 1
5.8,212.03,0
5,116.57, 1
6.1,217.43,0
5.4,111.54, 1
5.8,185,0
5.1,118.33, 1
5.9,232.92,0
5.5,201.19, 1
5.8,274.27,0
5.1,112.83, 1
5.9,242.73,0
5.2,115.71, 1
5.8,245.05,0
5.3,113.32, 1
5.5,182.01,0
4.8,175.42, 1
6.2,238.93,0
5.3,126.2, 1
5.7,172.05,0
5.3,99.31, 1
5.8,173.78,0
5.4,150.74, 1
5.4,186.07,0
5.7,140.13, 1
5.5,245.33,0
5.6,91.38, 1
5.8,254.81,0
5.2,140.48, 1
6,248.03,0
5.1,143.36, 1
6.3,208.33,0
4.9,127.73, 1
5.9,206.49,0
5.1,134.59, 1
6.3,177.69,0
5,161.35, 1
5.4,207.2,0
5.5,101.77, 1
5.8,177.83,0
5.6,139.24, 1
5.4,204.33,0
5.4,179.41, 1
5.7,272.28,0
5.1,132.78, 1
6.1,238.99,0
5.8,165.22, 1
6.1,224.27,0
5.1,146.84, 1
5.2,145.46,0
4.8,130.26, 1
5.2,236.27,0
5.4,118.91, 1
5.5,186.53,0
5,185.25, 1
6.1,191.15,0
5.1,128.56, 1
5.8,175.19,0
5.4,161.25, 1
5.8,246.6,0
5.6,133.37, 1
5.6,179.34,0
5.3,84.02, 1
5.2,183.25,0
5.1,160.83, 1
5.8,257.8,0
5.6,130.17, 1
5.6,178.51,0
5.7,148.53, 1
6.1,210.06,0
5.4,146.68, 1
5.6,255.46,0
5.4,88.9, 1
6.1,191.33,0
5,143.23, 1
5.6,233.03,0
5.6,165.08, 1
5.6,203.15,0
5.6,148.44, 1
5.4,191,0
5.7,119.58, 1
5.6,209.75,0
5.3,124.88, 1
5.7,150.26,0
5.6,84.98, 1
5.8,147.95,0
5.1,149.49, 1
5.8,152.99,0
5.3,82.54, 1
5.1,173.24,0
4.9,166.18, 1
5.8,230.18,0
5.1,80.28, 1
5.9,201.91,0
5.2,108.38, 1
5.8,255.08,0
4.9,84.81, 1
5.8,213.53,0
5.5,113.15, 1
6.4,128.53,0
5.3,162.69, 1
5.8,218.53,0
4.8,160.96, 1
6.1,205.83,0
5.3,219.97, 1
5.4,177.12,0
5.5,144.06, 1
6.1,185.63,0
5.4,157.49, 1
5.3,199.82,0
5,160.62, 1
5.8,244.65,0
5.8,118.42, 1
5.6,180.75,0
5.4,149.59, 1
5.7,249.77,0
5.2,188.36, 1
5.9,238.62,0
5.4,174.32, 1
6.3,169.7,0
5.3,115.12, 1
6.1,179.72,0
5.5,163.08, 1
5.3,171.66,0
5.6,175.89, 1
5.3,204.6,0
5.1,183.73, 1
6.2,236.2,0
5.2,117.89, 1
5.7,179.39,0
5.2,169.48, 1
5.7,189.18,0
5.1,119.66, 1
5.8,188.32,0
5.3,112.63, 1
5.7,221.62,0
5.5,125.78, 1
5.6,191.25,0
5,125.46, 1
6,213.85,0
5.6,128.8, 1
5.6,198.8,0
5.4,152.36, 1
6,207.85,0
5.1,159.23, 1
5.7,230.44,0
5.1,165.92, 1
5.6,228.82,0
5.2,106.27, 1
5.1,180.81,0
4.6,99.71, 1
5.6,210.15,0
5.1,137.17, 1
5.8,211.67,0
4.9,214.25, 1
5.8,272.41,0
5.3,132.99, 1
6,246.26,0
5.1,158.93, 1
5.6,166.27,0
4.6,148.1, 1
5.7,284.36,0
5.3,128.16, 1
5.9,215.87,0
5.6,142.24, 1
5.7,173.68,0
5.5,161.52, 1
5.4,205.04,0
5.5,133.37, 1
6,192.38,0
5.4,137.32, 1
6.3,250.37,0
5.3,150.53, 1
5.6,218.09,0
5.4,109.38, 1
5.8,246.65,0
5.6,138.01, 1
5.8,199.36,0
5,147.07, 1
5.7,222.04,0
4.8,123.01, 1
5.9,233.44,0
5,170.9, 1
6.2,226.22,0
5.4,120.72, 1
6.1,178.56,0
5.3,143.35, 1
5.7,224.97,0
5.4,128.78, 1
6.4,236.15,0
5.5,116.96, 1
6,224.63,0
5.2,145.55, 1
5.8,247.57,0
5.3,184.49, 1
5.9,234.53,0
5.3,139.9, 1
6,193.73,0
5.3,165.25, 1
5.4,207.53,0
5.7,162.57, 1
6.2,197.24,0
5.4,123.36, 1
5.8,130.06,0
5.7,112.48, 1
6,213.07,0
5.6,122.89, 1
6.2,237.11,0
5.6,120.8, 1
5.4,250.65,0
5.7,177.11, 1
6.1,303.31,0
5.4,94.81, 1
5.2,207.07,0
5.8,123.94, 1
6.1,172.68,0
5.3,130.03, 1
5.5,189.48,0
5.3,137.42, 1
6.1,234.08,0
5,122.51, 1
5.7,214.43,0
4.9,179.41, 1
5.3,236.27,0
5.1,182.84, 1
6.3,160.7,0
5.3,115.82, 1
6,172.76,0
5.5,181.37, 1
5.6,230.03,0
5.6,120.17, 1
5.8,195.44,0
5.4,153.13, 1
5.5,224.94,0
5.7,110.18, 1
6.1,190.23,0
4.9,150.45, 1
5.8,125.6,0
5.4,123.86, 1
6.2,209.09,0
5.5,149.3, 1
6.2,274.09,0
4.9,163.11, 1
5.8,208.72,0
5,100.18, 1
6,139.42,0
5.7,153.56, 1
6.2,237.49,0
5.4,176.71, 1
5.7,155.21,0
5.3,112.69, 1
5.9,175.28,0
5.1,113.34, 1
5.4,141.13,0
5.5,132.45, 1
6.1,243.66,0
5.4,197.09, 1
5.8,201.58,0
5.4,88.09, 1
6,250.96,0
5.2,203.6, 1
5.9,243.76,0
4.9,110.78, 1
6,204.66,0
4.8,133.55, 1
5.8,213.3,0
5.5,131.04, 1
5.8,241.07,0
5.4,115.57, 1
6.1,204.37,0
5.5,154.4, 1
5.4,177.61,0
5.5,109.77, 1
6.6,252.01,0
5,181.36, 1
5.2,252.03,0
5.3,210.93, 1
5.7,209.23,0
5.1,126.39, 1
6.3,230.34,0
4.9,132.16, 1
5.6,204.11,0
5.8,111.43, 1
5.9,238.71,0
4.7,127.06, 1
5.5,140.67,0
5.4,133.26, 1
5.6,270.65,0
5,172.42, 1
5.8,212.49,0
5.7,162.96, 1
6.1,191.03,0
5.6,91.66, 1
5.7,205.58,0
5.3,144.1, 1
5.4,260.86,0
5.5,176.35, 1
6.2,174.46,0
4.9,134.8, 1
6.1,185.7,0
5.6,177.97, 1
5.8,194.22,0
5.8,144.42, 1
6.1,191.55,0
4.7,122.55, 1
6.2,163.36,0
5.3,150.48, 1
5.2,200.6,0
5.2,123.98, 1
5.6,220.08,0
4.8,109.37, 1
5.3,181.14,0
4.9,160.81, 1
6.2,213.03,0
6.1,149.03, 1
5.4,170.03,0
5.1,143.53, 1
5.5,212.63,0
4.9,130.06, 1
5.8,161.31,0
5.7,107.39, 1
5.9,309.79,0
5.5,126.36, 1
6,129.06,0
5.4,83.21, 1
5.9,160.37,0
5.1,197.18, 1
5.7,271.27,0
5.6,148.33, 1
6.1,165.07,0
5.6,164.73, 1
5.6,174.74,0
5.3,130.56, 1
5.8,244.51,0
5.5,97.86, 1
6,237.4,0
5,127.89, 1
5.9,157.08,0
5.3,123.36, 1
5.9,207.89,0
5.6,100.42, 1
5.7,222.1,0
5.4,171.01, 1
6.4,238.97,0
5.1,123.25, 1
6.1,335.11,0
5.8,194.15, 1
6,130.98,0
5.4,179.24, 1
5.6,221.79,0
4.7,183.48, 1
5.9,241.82,0
5.4,155.2, 1
6,202.23,0
5.3,147.05, 1
5.8,183.64,0
5.4,119.82, 1
5.5,227.33,0
5.3,141.9, 1
6.1,185.43,0
5.5,117.96, 1
5.9,245.05,0
5.3,128.41, 1
5.3,277.81,0
5,176.7, 1
5.8,196.91,0
5.3,87.17, 1
5.3,170.61,0
5.2,151.13, 1
5.8,298.8,0
5.2,174.43, 1
5.9,182.12,0
5.7,123, 1
6.2,192.31,0
5.5,150.14, 1
5.6,228.59,0
5.4,114.51, 1
5.4,206.22,0
5.7,120.26, 1
5.8,156.8,0
5.3,131.23, 1
5.2,196.97,0
5,165.28, 1
6.2,256,0
4.8,163.05, 1
6.1,303.95,0
5.4,130.06, 1
5.4,160.58,0
5.4,112.62, 1
5.7,229.41,0
5.5,199.45, 1
5,178.48,0
4.5,137.57, 1
5.7,253.3,0
5.6,134.71, 1
5.6,239.89,0
5.8,130.22, 1
6,211.28,0
4.9,121.68, 1
5.8,268.35,0
5.6,146.02, 1
5.8,175.45,0
5.3,209.8, 1
5.2,172.73,0
5.6,150.83, 1
5.7,192.32,0
5.4,101.78, 1
5.7,195.63,0
5.1,149, 1
5.5,192.38,0
5.4,145.41, 1
6.2,164.8,0
5.1,148.9, 1
5.6,181.44,0
4.7,176.42, 1
5.9,177.24,0
5.7,88.12, 1
5.7,235.14,0
5.8,173.26, 1
6,254.76,0
5.6,153.8, 1
5.6,194.08,0
5.5,162.67, 1
5.8,154.27,0
5,159.57, 1
5.3,260.58,0
5.3,154.68, 1
6.2,85.13,0
5.7,93.21, 1
5.7,240.82,0
5.6,116.93, 1
6.1,186.27,0
5.2,119.2, 1
5.7,234.19,0
5,138.98, 1
5.8,204.27,0
5.3,159.61, 1
5.9,191.46,0
5.6,115.26, 1
5.7,126.47,0
5.1,89.92, 1
5.7,193.05,0
5.4,151.26, 1
5.5,215.29,0
5.6,160.26, 1
6.1,241.59,0
5.4,117.63, 1
5.6,128.22,0
6,195.45, 1
5.8,284.95,0
5.1,136.13, 1
6,245.77,0
5.6,149.65, 1
5.8,195.67,0
4.8,102.2, 1
5.5,162.09,0
4.8,129.73, 1
6,263.78,0
5.4,152.75, 1
5.8,246.61,0
5.5,108.34, 1
6.2,239.81,0
5.5,126.28, 1
5.9,258.73,0
5.4,139.44, 1
5.5,198.44,0
5.1,160.26, 1
5.5,196.52,0
5.8,146.28, 1
5.6,265.46,0
5.5,139.39, 1
5.8,184.62,0
5.3,141, 1
6,234.59,0
4.8,89.78, 1
6,213.51,0
5.2,145.12, 1
5.7,204.71,0
5.5,120.13, 1
5.6,123.44,0
5.3,127.59, 1
5.7,191.5,0
5.1,144.29, 1
5.9,176.22,0
4.8,141.78, 1
5.8,176.56,0
4.6,96.18, 1
5.7,172.01,0
5.3,155.53, 1
5.6,204.31,0
5.1,95.43, 1
5.8,305.14,0
4.6,139.62, 1
6.1,227.68,0
5.5,194.19, 1
5.9,232.41,0
5.5,89.95, 1
5.3,238.37,0
5.2,86.81, 1
5.7,195.47,0
5.3,105.79, 1
5.8,152.6,0
5.4,162.86, 1
6.2,180.95,0
5.2,132.21, 1
5.9,164.85,0
5.4,83.87, 1
5.3,193.11,0
5.1,117.09, 1
5.5,185.23,0
5,129.14, 1
5.7,194.44,0
5.4,122.38, 1
6.6,219.94,0
5.7,78.14, 1
5.8,260.88,0
5.3,160.39, 1
5.5,202.55,0
5.1,118.54, 1
5.5,247.86,0
5.7,106.42, 1
6.2,254.6,0
6.3,131.99, 1
5.9,204.65,0
5.4,128.48, 1
5.6,199.97,0
5.2,120.02, 1
5.5,166.58,0
5.3,172.6, 1
5.8,152.85,0
5.4,111.53, 1
5.7,221.31,0
5.3,87.5, 1
5.7,211.15,0
5.6,134.55, 1
5.5,245.38,0
5.4,144.09, 1
6,159.6,0
5,83.79, 1
6,171.41,0
5.3,132.65, 1
5.7,278.91,0
5.4,144.01, 1
5.5,262.69,0
5.2,128.58, 1
5,159.69,0
5.3,151.17, 1
5.7,194.42,0
5.9,94.74, 1
5.9,182.35,0
5.6,151.96, 1
5.9,127.93,0
5.5,120.23, 1
5.6,204.6,0
4.8,163.13, 1
6.1,245.44,0
5.7,157.59, 1
5.7,167.72,0
5.4,68.56, 1
6,229.45,0
5.4,168.08, 1
5.4,220.08,0
5.1,176.2, 1
5.6,191.12,0
5.7,155.38, 1
5.9,183.9,0
5.2,156.58, 1
5.7,173.28,0
5.3,179.18, 1
5.9,123.35,0
5.1,136.7, 1
5.3,162.89,0
5.1,142.36, 1
5.8,217.32,0
6,144.52, 1
6,206.63,0
5.2,143.86, 1
5.5,138.97,0
5.4,143.3, 1
6.1,215.89,0
5.3,147.52, 1
5.9,262.82,0
5.2,129.54, 1
5.5,216.59,0
5.5,168.94, 1
5.3,254.34,0
5,164.78, 1
5.9,182.33,0
5.5,149.95, 1
5.8,165.47,0
5.1,151.81, 1
6.3,197.51,0
5.2,146.73, 1
6.1,220.39,0
5.6,127.66, 1
6.1,203.52,0
5.1,141.79, 1
6,227.62,0
5.3,170.46, 1
5.3,185.89,0
6,154.49, 1
6,233.05,0
5.3,168.17, 1
5.9,210.24,0
5.4,141.07, 1
5.6,177.43,0
5.4,102.01, 1
5.4,237.77,0
5.3,143.59, 1
6.1,200.83,0
5.3,108.8, 1
5.6,213.46,0
5.7,107.99, 1
5.4,207.79,0
5.3,154.5, 1
5.7,161.41,0
5.3,103, 1
5.9,254.11,0
5.7,124.72, 1
6.4,162.56,0
5.3,190.55, 1
5.7,230.11,0
5.3,122.53, 1
6.1,224.65,0
5.6,153.98, 1
6,161.91,0
4.5,131.91, 1
5.5,140.77,0
5.4,135.63, 1
5.4,170.22,0
5.7,127.89, 1
6,201.32,0
5.6,120.9, 1
5.8,236.49,0
5.2,124.49, 1
5.5,163.81,0
5.3,111.85, 1
5.7,327.34,0
4.8,121.66, 1
6,179.8,0
4.8,136.83, 1
5.5,164.95,0
5.3,105.88, 1
5.7,169.78,0
5.3,159.38, 1
5.8,279.23,0
5.3,134.87, 1
5.7,247.9,0
5.5,59.9, 1
5.4,209.7,0
5.1,188.29, 1
5.7,186.07,0
4.8,140.37, 1
6.1,214.53,0
5.1,166.21, 1
5.7,237.18,0
5.5,168.96, 1
5.9,186.74,0
5,179.51, 1
6,249.38,0
4.8,114.38, 1
5.6,283.02,0
5.1,157.67, 1
5.4,242.54,0
5.5,125.25, 1
5.7,224.02,0
5.2,183.6, 1
5.9,177.6,0
5.5,116.67, 1
5.9,152.72,0
5.3,130.2, 1
5.9,291.57,0
5.6,163.99, 1
6,276.69,0
5.3,132.72, 1
6.1,205.47,0
5.3,159.27, 1
6.2,176.45,0
5.4,133.57, 1
6.4,204.51,0
5.6,111, 1
5.5,186.53,0
5.7,93.55, 1
5.8,153.4,0
5,124.29, 1
6.2,169.61,0
5.2,167.18, 1
6.1,247.94,0
5.6,132.01, 1
5.6,191.66,0
5.3,121.97, 1
5.8,198.38,0
5.5,135.89, 1
6.2,279.69,0
5.6,93.62, 1
6,237.78,0
5.2,167.11, 1
6.2,225.93,0
4.8,140.74, 1
5.6,211.64,0
5.6,166.61, 1
6.1,188.91,0
5.8,167.29, 1
6,164.65,0
5,147.69, 1
5.7,210.14,0
6,136.13, 1
5.7,240.86,0
5.3,180.73, 1
5.9,191.4,0
5,150.26, 1
5.8,317.38,0
5.7,130.91, 1
6,196.9,0
4.7,141.95, 1
5.5,133.52,0
5.2,128.47, 1
5.6,207.08,0
5.6,93.43, 1
6.2,242.63,0
5.7,184.39, 1
6.2,202.2,0
5.2,151.54, 1
5.6,252.81,0
5.4,158.05, 1
6,184.48,0
5.4,82.06, 1
5.4,272.37,0
5.2,134.84, 1
6,214.08,0
4.8,150.62, 1
5.6,192.19,0
5.6,125.99, 1
6,248.64,0
5.4,111.36, 1
6.1,238.11,0
5.2,106.42, 1
5.9,275.58,0
4.9,124.22, 1
5.7,188.52,0
5.9,98.07, 1
5.7,225.6,0
5.3,76.64, 1
6.4,193.59,0
5.5,127.65, 1
5.8,264.63,0
5,155.18, 1
6.4,255.4,0
5.2,102.22, 1
5.6,243.3,0
5.1,175.83, 1
5.8,279.81,0
5.2,157.47, 1
6.5,204.19,0
5.6,186.4, 1
5.6,161.71,0
5.7,167.31, 1
5.6,204.93,0
5.5,115.46, 1
5.9,176.16,0
5.6,153.83, 1
6.1,174.29,0
5.1,126.22, 1
5.8,198.53,0
5.1,146.1, 1
6.2,212.07,0
5.7,125.27, 1
5.9,116.17,0
5.6,140.3, 1
5.5,267.91,0
5.4,127.52, 1
5.6,206.89,0
5.9,146.31, 1
5.9,231.49,0
5.4,135.61, 1
5.9,154.09,0
5.1,180.39, 1
5.7,210.89,0
6.1,135.38, 1
5.6,234.94,0
5.6,134.34, 1
6.1,276.46,0
5.1,124.02, 1
5.9,190.52,0
5.2,142.63, 1
6.2,259.52,0
5.4,109.71, 1
5.5,260.15,0
5.2,122.61, 1
5.9,195.56,0
5,121.23, 1
5.9,191.63,0
6.1,134.99, 1
5.9,202.3,0
5.3,161.1, 1
5.6,252.77,0
5.5,171.28, 1
5.9,180.96,0
5.5,178.5, 1
5.8,170.16,0
5.4,109.04, 1
5.9,178.46,0
5.7,118.32, 1
6.1,181.52,0
5.2,147.98, 1
6.1,265.52,0
5.3,198.55, 1
5.1,214.78,0
5.1,168.91, 1
6.3,174.37,0
5.3,132.49, 1
5.5,266.56,0
5.3,141.39, 1
5,266.76,0
5.3,90.71, 1
5.5,195.89,0
5.6,129.53, 1
5.6,174.6,0
5.4,87.19, 1
5.7,207.76,0
5.2,132.65, 1
5.7,159.23,0
5.5,211.92, 1
5.6,184.36,0
5.3,152.84, 1
5.5,170.36,0
5.7,88.26, 1
5.9,187.84,0
5.1,181.81, 1
5.5,263.48,0
4.9,174.39, 1
5.9,191.05,0
5.7,119.12, 1
6.1,244.47,0
5,129.88, 1
5.6,183.47,0
5.2,152.34, 1
5.2,228.54,0
5.7,99.76, 1
5.8,172.75,0
5.4,163.78, 1
5.6,218.93,0
5,175.07, 1
5.8,255.36,0
5.4,113.86, 1
6,191.19,0
5.4,105.74, 1
5.8,186.91,0
5,138.64, 1
6.2,223.42,0
5.2,129.85, 1
5.4,167.06,0
5.3,126.2, 1
5.8,289.76,0
5.5,153.32, 1
5.8,237.14,0
5.3,95.89, 1
5.6,212.23,0
5.4,159.44, 1
6.3,162.05,0
5,151.65, 1
5.5,146.51,0
5,137.28, 1
5.4,243.86,0
5.3,140.85, 1
6,248.56,0
4.7,142.88, 1
5.2,270.73,0
5.2,175.72, 1
5.9,144.12,0
4.9,140.34, 1
5.8,203.92,0
5.6,105.24, 1
5.9,194.58,0
5,128.09, 1
5.7,264.58,0
5.3,125.68, 1
5.5,251.13,0
4.9,148.07, 1
5.7,231.77,0
5.1,80, 1
4.9,175.78,0
5.1,161.73, 1
6.3,225.75,0
5.6,125.32, 1
6,165.02,0
5.4,176.66, 1
5.8,193.55,0
5.3,133.47, 1
5.8,199.26,0
5.1,185.02, 1
5.7,193.62,0
5.5,137.72, 1
5.1,225.61,0
5.5,136.33, 1
5.4,205.63,0
5.3,117.71, 1
5.5,171.54,0
5.2,148.55, 1
5.8,257.92,0
5.4,144.85, 1
5.9,196.26,0
6,117.5, 1
5.6,219.64,0
5.2,154.19, 1
6.2,194.09,0
5.5,117.33, 1
5.7,241.99,0
5.5,160.89, 1
6,219.16,0
5.2,180.3, 1
5.8,228.01,0
5.6,156.53, 1
5.9,202.54,0
5.1,172.87, 1
5.7,183.52,0
5.6,123.97, 1
5.4,229.8,0
5.4,92.19, 1
5.5,183.07,0
5,94.97, 1
5.9,235.36,0
5.3,121.26, 1
5.6,186.28,0
5.5,129.22, 1
5.5,305.35,0
4.7,123.66, 1
5.7,162.23,0
5.6,111.83, 1
5.4,202.65,0
5.1,128.19, 1
5.2,265.29,0
5.5,110.74, 1
5.7,255.69,0
5.4,113.15, 1
5.3,196.96,0
5.6,184.04, 1
5.3,181.15,0
5.3,126.57, 1
5.4,246.82,0
5.1,146.53, 1
5.7,203.46,0
5.6,187.9, 1
5.6,279.11,0
5.5,118.25, 1
5.2,247.53,0
5.3,180.91, 1
5.9,286.19,0
5.4,142.63, 1
5.5,173.95,0
4.9,102.66, 1
6.2,252.94,0
5.1,108.26, 1
5.6,228.25,0
5.5,161.47, 1
5.4,204.94,0
4.9,199.01, 1
5.6,85.57,0
5.3,158.44, 1
5.4,262.08,0
5.7,139.79, 1
6,220.23,0
5.4,121.19, 1
5.8,250.2,0
5.3,107.8, 1
6.2,163.6,0
5.6,165.52, 1
6,204.8,0
4.7,142.56, 1
5.9,286.88,0
5.6,158.21, 1
5.8,242.96,0
4.7,191.03, 1
5.8,256.97,0
5.4,85.79, 1
6,276.21,0
5.7,99.21, 1
5.9,202.08,0
5.2,186.72, 1
5.2,240.1,0
4.9,95.65, 1
5.8,198.18,0
5.3,129.29, 1
5.8,239.33,0
5.3,157.98, 1
6.2,241.42,0
5,184.74, 1
5.8,224.55,0
5.4,140.92, 1
6.3,181.24,0
5.1,192.8, 1
5.9,199.3,0
5.4,109.95, 1
5.7,267.26,0
5.6,131.61, 1
5.5,191.63,0
4.7,164.06, 1
5.8,291.15,0
5.4,105.44, 1
5.9,179.5,0
5.1,124.18, 1
5.6,200,0
5.5,105.35, 1
5.4,211.92,0
5,161.23, 1
5.2,234.1,0
5.2,119.92, 1
6,218.62,0
5.4,105.17, 1
5.4,173.82,0
4.8,141.25, 1
5.9,180.18,0
5.7,73.83, 1
5.6,136.09,0
5.6,108.91, 1
5.6,233.23,0
5.7,191.18, 1
5.5,220.19,0
5.6,175.86, 1
5.9,237.94,0
5.2,150.58, 1
5.4,169.41,0
5.4,190.11, 1
5.9,159.17,0
5.5,113.6, 1
6.1,170.03,0
5,151.22, 1
6.1,157.22,0
5.5,131.07, 1
5.8,180.85,0
5.6,113.48, 1
5.4,214.2,0
5.3,121.27, 1
5.5,234.7,0
5.4,89.38, 1
5.6,267.11,0
4.4,206.42, 1
5.6,166.28,0
5.3,144.93, 1
5.7,207.73,0
5.6,132.42, 1
5.2,175.94,0
5.3,96.55, 1
5.9,302.82,0
5,158.66, 1
5.8,192.82,0
5.3,178.92, 1
6,142.34,0
5.1,122.08, 1
6.1,228.87,0
5.8,171.74, 1
5.8,179.57,0
5.6,156.27, 1
6,263.26,0
5.3,119.6, 1
5.7,226.5,0
5.2,70.99, 1
5.7,223.04,0
5,141.08, 1
5.2,263.61,0
5,150.56, 1
5.7,236.49,0
5.4,112.43, 1
5.9,150.14,0
5.4,135.48, 1
6,190.81,0
5.8,90.18, 1
5.9,205.88,0
5.4,120.63, 1
5.8,187.34,0
5.3,133.54, 1
5.6,188.02,0
5.3,160.44, 1
6.1,206.17,0
5.7,153.72, 1
6.2,217.13,0
5.2,98.94, 1
6,165.38,0
5.2,95.13, 1
5.6,184.88,0
5.1,116.96, 1
5.9,195,0
5.3,115.07, 1
5.8,206.85,0
5.4,114.24, 1
5.4,147.19,0
5,141.07, 1
5.8,304.36,0
5.3,145.22, 1
5.4,205.76,0
4.8,135.76, 1
6.2,190.55,0
4.8,186.72, 1
6,197.24,0
4.8,131.42, 1
5.8,248.53,0
5.6,159.03, 1
5.6,174.05,0
5.2,156.61, 1
6.4,196.91,0
4.8,114.94, 1
6,214.63,0
5,140.63, 1
5.8,174.21,0
4.8,205.87, 1
6.3,202.82,0
5.7,122.49, 1
6,226.23,0
4.9,144.09, 1
5.4,209.91,0
5.6,165.32, 1
5.6,196.27,0
5.4,160.5, 1
5.8,249.58,0
5.6,78.92, 1
6,179.37,0
5.2,181.97, 1
6,270.42,0
5.4,150.99, 1
5.9,257.89,0
5.2,130.62, 1
5.3,244.43,0
5.3,170.22, 1
5.4,255.67,0
5.2,117.52, 1
5.5,172.71,0
5.7,163.31, 1
5.8,200.74,0
5.4,135.1, 1
5.9,198.73,0
5.1,136.62, 1
5.9,214.2,0
5.6,138.01, 1
5.6,151.97,0
5.2,137.4, 1
5.8,278.67,0
4.8,95.21, 1
5.8,229.86,0
5.7,140.14, 1
5.5,191.6,0
5.4,114.1, 1
5.9,211.73,0
5.4,140.87, 1
6,226.4,0
5.5,141.17, 1
5.8,198.36,0
4.9,103.38, 1
6.3,175.45,0
5.4,105.28, 1
5.9,297.51,0
5.2,158.12, 1
5.9,254.48,0
5.1,164.03, 1
6,222.19,0
5.4,165.8, 1
5.6,190.57,0
5.2,144.57, 1
6.1,198.01,0
5,137.19, 1
5.9,213.7,0
5.2,139.97, 1
5.9,273.64,0
5.7,116.03, 1
5.9,160.53,0
4.7,194.93, 1
5.7,195.68,0
5.4,159.53, 1
5.4,168.12,0
5.7,118.05, 1
5.6,209.83,0
5.2,156, 1
6,264.78,0
5.2,173.82, 1
5.6,202.18,0
5,102.46, 1
5.2,288.98,0
5.4,168.16, 1
5.8,177.91,0
5.2,135.01, 1
6.1,252.22,0
5.3,123.4, 1
5.7,173.79,0
4.9,102.35, 1
5.9,207.07,0
5.1,130.39, 1
6.3,299.42,0
5.3,106.73, 1
6.2,204.19,0
5,192.46, 1
5.3,152.69,0
5.6,167.92, 1
6.1,260.62,0
5,160.17, 1
6,218.05,0
5.5,141.44, 1
5.8,195.73,0
5.6,118.11, 1
5.8,269.26,0
5.3,164.99, 1
5.5,236.69,0
5.7,108.94, 1
5.8,255.53,0
4.9,139.72, 1
5.8,240.25,0
5.1,93.93, 1
5.4,210.15,0
5.5,187.46, 1
5.6,207.84,0
5.2,168.99, 1
5.3,222.2,0
4.9,171.36, 1
5.9,106.77,0
4.9,142.17, 1
6,238.83,0
5.9,159.15, 1
5.7,207.61,0
5.5,116.57, 1
5.7,244.54,0
5.5,104.24, 1
5.6,106.82,0
5.4,119.49, 1
5.3,188.23,0
5.2,141.75, 1
6.1,216.97,0
5.2,170.79, 1
5.7,264.47,0
5.7,97.72, 1
5.8,142.76,0
5.5,93.01, 1
5.7,185.49,0
5.2,62.28, 1
5.8,225.42,0
4.9,128.77, 1
5.3,240.78,0
5.8,125.8, 1
5.7,142.49,0
5.3,127.4, 1
6,235.31,0
5.3,144.78, 1
5.8,264.23,0
5.4,165.96, 1
5.8,195.89,0
5.9,122.34, 1
5.8,245.53,0
5.2,138.32, 1
6,170.28,0
6.1,88.43, 1
6.1,301.67,0
5.2,120.49, 1
5.2,261.99,0
5.3,166.67, 1
6,169.92,0
5.2,109, 1
5.7,209.22,0
5,134.08, 1
5.9,250.78,0
5,166.76, 1
5.8,221.1,0
4.8,105.19, 1
5.6,219.32,0
5.5,165.34, 1
5.8,225.28,0
4.9,139.17, 1
6.1,216.32,0
5.8,141.12, 1
5.8,233.6,0
5.3,141.39, 1
5.7,200.53,0
5.8,110.88, 1
5.9,164.97,0
4.6,101.35, 1
6,131.4,0
5.4,78.74, 1
5.6,272.26,0
5.6,138.2, 1
5.8,228.26,0
5.3,161.55, 1
5.5,173.74,0
5.7,157.38, 1
6,166.72,0
5.6,161.82, 1
5.8,254.89,0
5.6,155.67, 1
5.3,254.36,0
5.6,167.09, 1
6.1,211.38,0
5,141.88, 1
5.6,170.98,0
4.5,99.97, 1
5.8,256.81,0
5.3,91.91, 1
6,135.69,0
5.4,133.95, 1
5.6,245.86,0
5,116.28, 1
4.8,209.84,0
4.9,166.88, 1
5.6,175.04,0
5.4,125.31, 1
5.7,256.63,0
5.6,139.13, 1
5.7,184.9,0
5,107.76, 1
5.9,304.75,0
5.5,99.26, 1
5.8,214.42,0
5.3,145.92, 1
5.5,145.18,0
5.5,123.5, 1
5.9,236.57,0
5.2,189.13, 1
6.2,127.96,0
5.3,166.43, 1
5.6,203.23,0
5.4,170.64, 1
6,175.42,0
5,108.36, 1
5.9,183.55,0
5.2,121.84, 1
5.8,159.96,0
5.2,174.74, 1
6.2,222.45,0
5.4,179.21, 1
6.8,236.56,0
5.3,162.52, 1
5.6,241.1,0
5.7,118.66, 1
5.8,112.32,0
5.6,121.14, 1
5.9,224.69,0
5.4,129.97, 1
5.8,196.26,0
5.3,173.17, 1
6.2,194.45,0
5,114.08, 1
5.9,254.8,0
5.1,101.56, 1
5.8,259.96,0
5.6,165.84, 1
5.7,190.57,0
5.4,105.41, 1
5.4,187.62,0
5.3,101.44, 1
5.2,206.02,0
4.8,100.39, 1
5.8,210.21,0
5.2,195.24, 1
6.2,152.48,0
4.9,81.02, 1
6,164.34,0
5.2,116.41, 1
6,151.03,0
5.2,178.46, 1
5.8,228.48,0
4.7,159.8, 1
5.6,292.7,0
5,134.75, 1
5.9,217.05,0
5.3,65.65, 1
5.5,202.62,0
5.6,131.07, 1
5.8,226.86,0
5.7,174.53, 1
5.8,238.05,0
5.2,155.35, 1
6,180.49,0
5.6,107.62, 1
5.8,231.62,0
5.1,138.25, 1
5.2,225.65,0
5,174.05, 1
5.6,152.95,0
5.2,135, 1
5.7,199.26,0
5.7,114.71, 1
5.5,193.23,0
5.1,155.05, 1
6.4,196.51,0
5.4,113.17, 1
6.4,148.75,0
4.8,180.95, 1
5.2,209.95,0
5.3,179.15, 1
5.6,217.5,0
5.2,213.12, 1
5.8,234.39,0
5.3,114.49, 1
6.1,184.27,0
5.5,164.53, 1
5.8,114.64,0
5.6,111.2, 1
6,221.3,0
5.4,168.51, 1
5.8,231.23,0
5.4,115.58, 1
5.8,184.37,0
4.9,94.41, 1
5.3,188.29,0
4.9,190.46, 1
6.6,183.77,0
5.5,134.33, 1
5.9,207.53,0
5.4,144.21, 1
5.6,217.19,0
5.3,166.62, 1
5.8,312.06,0
5.4,131.8, 1
6.2,295.28,0
5.3,117.91, 1
5.9,188.39,0
5.5,109.61, 1
5.9,244.51,0
4.9,194.13, 1
6.2,227.95,0
5.4,181.33, 1
5.9,232.49,0
5.2,188.42, 1
5.7,235.59,0
5.1,141.2, 1
6,254.54,0
5.3,165.63, 1
5.7,189.28,0
5.2,184.74, 1
5.4,293.14,0
5.3,152.67, 1
6.1,161.82,0
5.4,123.53, 1
5.8,199.57,0
5.1,152.23, 1
6.4,128.58,0
5.2,159.56, 1
5.7,279.4,0
4.9,154.65, 1
5.9,156.17,0
5.4,105.02, 1
6,260.22,0
5.4,99.54, 1
5.7,253.76,0
5.1,113.68, 1
6.3,178.85,0
5.1,101.24, 1
6,161.04,0
4.8,147.54, 1
5.7,215.83,0
5.5,140.01, 1
5.6,234.84,0
4.8,128.69, 1
5.7,204.41,0
5.3,112.96, 1
5.5,213.99,0
5.8,86.79, 1
5.7,201.63,0
5.2,152.28, 1
6,126.61,0
4.7,189.5, 1
6.1,262.23,0
5.1,158.16, 1
6,177.85,0
5.6,158.6, 1
5.2,196.81,0
5.9,164.86, 1
5.8,205.58,0
5.7,139.19, 1
5.4,266.67,0
5.5,152.15, 1
6,182.49,0
4.9,116.52, 1
5.4,221.97,0
5.7,148.17, 1
5.6,235.52,0
5.4,147.82, 1
5.3,209.5,0
5.1,146.68, 1
5.9,255.08,0
5.4,178.84, 1
5.5,264.51,0
5.4,130.51, 1
5.9,183.24,0
5.4,105.42, 1
5.9,176.9,0
5.2,125.03, 1
5.8,230.47,0
5.6,174.2, 1
5.6,151.08,0
4.4,165.3, 1
5.9,209.23,0
5.7,153.08, 1
5.9,201.02,0
5,143.38, 1
5.5,206.44,0
5.7,129.53, 1
5.6,194.99,0
5.3,138.34, 1
5.6,165.04,0
5.5,78.69, 1
5.9,201.03,0
5,127.46, 1
5.6,193.08,0
5.1,134.31, 1
6.2,198.72,0
5.1,98.23, 1
6.2,205.7,0
5.5,143.02, 1
6.1,197.72,0
5,140.97, 1
5.9,165.6,0
5.6,155.73, 1
5.9,238.3,0
4.9,147.38, 1
5.4,227.51,0
5.2,156.57, 1
5.9,196.16,0
5.1,140.51, 1
5.7,203.19,0
5.5,153.19, 1
6,260.86,0
5.3,144.29, 1
6.1,164.33,0
5,151.93, 1
6,183.76,0
5.8,124.42, 1
6.9,154.43,0
5.7,125.91, 1
6.1,245.28,0
5.5,142.45, 1
5.6,151.47,0
5.1,139.55, 1
5.9,167.44,0
5.7,142.54, 1
5.7,219.72,0
4.9,98.61, 1
5.5,210.58,0
5.2,157.33, 1
6.2,82.55,0
5,124.6, 1
6.1,183.51,0
5.1,151.99, 1
5.6,176.16,0
5,139.08, 1
6.1,201.01,0
4.9,135.48, 1
6.2,205.55,0
5.9,127.56, 1
5.8,256.16,0
5.2,101.93, 1
5.7,244.22,0
5.1,156.99, 1
5.9,242.56,0
4.8,125.79, 1
5.5,131.25,0
5.3,88.13, 1
5.6,231.45,0
5.5,122.93, 1
6.2,197.07,0
5.1,120.96, 1
6.1,172.22,0
5.6,121.46, 1
5.7,249.09,0
5.3,95.03, 1
5.5,227.22,0
5.3,82.21, 1
5.7,213.63,0
5.2,134.12, 1
5.9,191.86,0
5.1,164.4, 1
5.4,214.98,0
5.4,40.2, 1
5.9,213.09,0
4.9,121.86, 1
5.8,156.28,0
5.1,138.6, 1
5.9,259.87,0
5.1,209.81, 1
6.4,208.35,0
5.1,104.64, 1
5.8,189.81,0
4.7,212.86, 1
6.2,203.05,0
5.2,160.82, 1
5.9,308.18,0
5.4,114.67, 1
5.3,150.3,0
5.6,148.23, 1
5.9,223.23,0
5.4,135.01, 1
6.3,226.73,0
5.5,156.15, 1
5.9,172.45,0
5.2,136.33, 1
5.4,324.55,0
5.1,148.62, 1
6.4,184.89,0
5.1,98.71, 1
5.8,205.13,0
5.2,191.36, 1
5.6,234.91,0
5.1,107.12, 1
6.2,194.07,0
5.6,88.9, 1
6.1,177.79,0
5.2,122.46, 1
6.1,200.46,0
4.7,163.07, 1
6.1,160.91,0
5.3,117.39, 1
5.6,162.74,0
4.6,185.35, 1
5.4,228.38,0
5.4,133.09, 1
5.5,151.11,0
5.3,59.99, 1
5.9,199.17,0
5,146.44, 1
5.6,111.66,0
5.4,70.81, 1
5.4,211.69,0
5.7,173.51, 1
6.4,227.63,0
5.3,140.5, 1
6,185.09,0
5.6,205.26, 1
5.8,206.04,0
5.3,121.96, 1
5.9,174.24,0
5.1,128.79, 1
5.2,179.18,0
5.1,141.29, 1
6.3,190.36,0
5.3,151.88, 1
6,192.63,0
5.4,162.09, 1
6,233.03,0
5.6,110.75, 1
5.7,172.17,0
5.2,152.64, 1
5.6,212.24,0
5.5,125.57, 1
6.2,171.8,0
5.3,134.3, 1
6.2,157.12,0
5.1,135.56, 1
5.7,274.62,0
4.9,145.34, 1
5.5,161.87,0
4.8,118.37, 1
5.9,264.36,0
5.3,139.31, 1
5.9,203.5,0
5.2,153.8, 1
5.7,235.83,0
5.3,153.4, 1
5.4,203.77,0
5.3,110.69, 1
5.8,281.86,0
5.5,85.23, 1
5.4,281.52,0
4.8,145.81, 1
5.3,199.19,0
5.4,130.39, 1
5.3,208.99,0
5.4,111.69, 1
5.8,230.89,0
5,130.91, 1
5.8,249.93,0
5.6,104.1, 1
5.9,212,0
5.3,145.23, 1
5.9,173.89,0
5.3,156.02, 1
6.2,201.01,0
5.2,140.04, 1
5.7,186.36,0
5.2,116.84, 1
5.7,263.32,0
5.3,168.15, 1
5.5,202.61,0
5.5,71.55, 1
6,241.58,0
5.3,156.79, 1
5.9,243.13,0
4.9,140.04, 1
6,216.58,0
5.5,123, 1
6.3,238.71,0
4.9,138.82, 1
5.9,213.11,0
5.7,109.39, 1
5.9,159.03,0
5.5,148.76, 1
5.4,204.17,0
5.5,157.78, 1
5.7,179.19,0
5.5,105.62, 1
5.3,234.14,0
5.3,188.26, 1
6.1,301.26,0
5.3,134.59, 1
5.8,245.24,0
5.2,191.47, 1
6,206.36,0
5.4,143.73, 1
5.9,178.29,0
5.1,126.87, 1
5.6,184.72,0
5.5,153.77, 1
5.5,183.44,0
4.9,165.89, 1
5.7,206.44,0
5.3,126.61, 1
5.6,242.58,0
5.3,127.3, 1
6,237.61,0
5.2,186.01, 1
5.6,289.36,0
5.6,125.88, 1
5.9,192.16,0
5.9,152.37, 1
5.4,176.54,0
5.3,170.96, 1
6,275.31,0
5.2,111.73, 1
6.4,264.34,0
5.3,113.51, 1
6.1,220.15,0
5.1,138.87, 1
5.5,102.55,0
5.7,121.32, 1
6,253.51,0
5.3,121.5, 1
5.8,120.99,0
5,136.4, 1
5.5,201.82,0
5.1,102.33, 1
6.3,204.19,0
5.4,109.7, 1
5.6,259.64,0
5.1,128.12, 1
5.5,210.36,0
5.7,117.8, 1
6.2,265.3,0
5.2,173.42, 1
6,236.32,0
5.7,105.02, 1
5.9,187.18,0
5.5,100.42, 1
5.4,297.36,0
5.3,106.01, 1
6.1,246.52,0
5.2,125.46, 1
6.3,228.81,0
5.5,159.38, 1
5.9,199.84,0
4.8,115.94, 1
5.5,199.97,0
5.2,171.67, 1
5.7,189.15,0
5.8,113.36, 1
5.3,222.76,0
5.4,110.03, 1
6,190.89,0
5.7,118.01, 1
5.8,170.29,0
6.4,120.74, 1
5.6,225.26,0
5.2,125.9, 1
5.9,195.84,0
4.9,144.9, 1
5.8,242.69,0
5.7,191.17, 1
5.5,228.49,0
5.1,133.36, 1
5.7,246.35,0
5.5,142.64, 1
5.9,189.06,0
4.9,136.69, 1
6,199.68,0
5.1,167.62, 1
5.9,220.81,0
5.3,121.94, 1
5.4,241.82,0
5.3,165.67, 1
6.1,198.31,0
5.2,100.09, 1
5.7,201.52,0
5.2,116.61, 1
6,212.43,0
5.2,179.89, 1
6.1,236.36,0
5.5,160.6, 1
6,146.47,0
5,124.03, 1
5.6,170.73,0
4.9,142.63, 1
5.6,153,0
5.2,129.71, 1
5.5,235.86,0
5,159.81, 1
6,254.77,0
5.6,132.09, 1
5.6,210.33,0
5.1,153.15, 1
5.9,196.56,0
4.6,168.13, 1
5.9,205.55,0
5.6,165.94, 1
5.8,246.07,0
5.3,135.12, 1
5.3,130.8,0
4.8,159.86, 1
5.7,170.55,0
5.8,97.51, 1
5,249.37,0
6.1,125.18, 1
5.3,160.27,0
5.6,125.15, 1
5.6,159.39,0
5.3,148.85, 1
5.9,200.53,0
5,151.05, 1
6.1,285.7,0
5.4,148.29, 1
5.7,159.04,0
5.3,120.73, 1
5.7,250.84,0
5.5,119.95, 1
6,299.55,0
5.1,118.7, 1
5.3,247.1,0
5.4,176.88, 1
6,195.06,0
4.9,162.24, 1
5.7,200.15,0
5.3,152.54, 1
5.4,208.04,0
5.2,201.59, 1
5.2,327.81,0
5.6,112.86, 1
5.8,257.12,0
5.3,158.17, 1
5.8,241.62,0
5.7,95.92, 1
5.7,198.21,0
5.1,165.44, 1
5.7,234.84,0
5.1,130.07, 1
6.1,217.9,0
5.6,120.46, 1
5.7,192.65,0
5.4,193.88, 1
5.7,248.5,0
5.2,141.93, 1
5.8,222.76,0
5.3,134.52, 1
5.9,181.79,0
5.8,151.05, 1
5.9,241.12,0
5.3,127.47, 1
5.7,184.56,0
5,106.87, 1
6.1,241.29,0
5,165.48, 1
5.9,213,0
5.2,142.15, 1
5.8,170.26,0
4.9,156.1, 1
6.1,232.3,0
5.4,132.22, 1
5.5,227.33,0
5.1,168.14, 1
5.5,187.45,0
5.3,110.88, 1
5.5,235.63,0
5.3,139.45, 1
5.7,205.15,0
5.2,131.48, 1
5.7,208.87,0
5.3,143.52, 1
5.9,249,0
5.7,145.35, 1
5.8,179.79,0
5,170.36, 1
6.5,231,0
4.9,103.39, 1
6.5,193.8,0
5,159.25, 1
6.3,241.17,0
4.9,78.8, 1
6.2,184.35,0
5.3,136.11, 1
5.9,194.11,0
5.4,93.25, 1
6.3,221.63,0
5.4,112.61, 1
6.1,165.52,0
5.6,105.35, 1
5.9,226.84,0
5.4,191.11, 1
5.8,236.04,0
5.2,132.05, 1
6,241.5,0
5.4,184.75, 1
5.3,183.72,0
5,206.78, 1
5.8,214.78,0
5.4,154.97, 1
5.8,263.3,0
5.7,181.31, 1
5.7,267.69,0
5.5,138.53, 1
5.3,108.55,0
5.3,138.94, 1
5.9,150.1,0
5.3,139.61, 1
6,201.05,0
5.6,92.12, 1
5.6,166.82,0
4.9,138.77, 1
5.9,179.77,0
4.8,154.23, 1
5.6,234.09,0
5.2,160.6, 1
5.7,197.72,0
5.2,175.81, 1
6,158.42,0
5.2,148.73, 1
5.4,126.9,0
4.8,163.96, 1
6.2,196.1,0
6.1,164.76, 1
5.7,208.67,0
5.3,100.56, 1
5.7,226.27,0
4.8,178.67, 1
5.5,220.96,0
5.8,94.18, 1
6,161.19,0
4.8,115.88, 1
5.6,164.75,0
5.1,121.72, 1
5.9,242.15,0
5,119.77, 1
6,239.73,0
5.3,133.72, 1
6.1,177.78,0
5.5,104.23, 1
5.3,201.29,0
5.3,174.85, 1
6.1,185.42,0
5.6,148.21, 1
6.1,250.33,0
5.2,108.46, 1
5.6,164.38,0
5.4,143.4, 1
5.8,281.1,0
5,119.59, 1
6,210.53,0
5.5,181.03, 1
6,224.07,0
5,166.98, 1
5.8,258.87,0
5.5,175, 1
5.4,224.26,0
5.9,109.94, 1
5.8,148.28,0
5.8,186.66, 1
5.5,225.88,0
4.9,112.07, 1
5.8,186.73,0
5.4,163.41, 1
5.8,146.89,0
4.3,179.61, 1
5.8,235.86,0
5.8,130.29, 1
5.7,274.79,0
5.5,103.74, 1
5.7,248.52,0
4.9,147.12, 1
6.1,200.01,0
4.8,86.45, 1
5.9,249.54,0
5.6,84.93, 1
6.2,227.34,0
5.7,143.39, 1
6.2,166.66,0
5.4,133.73, 1
5.8,237.76,0
5.1,181.62, 1
5.6,210.96,0
5.4,146.21, 1
5.5,168.14,0
5.3,112.26, 1
5.9,181.18,0
5.1,161.86, 1
5.8,265.99,0
5.3,144.23, 1
6,247.14,0
5.5,132.27, 1
5.6,217.55,0
5.2,161.17, 1
5.6,261.61,0
5,180.61, 1
5.5,221.44,0
5.1,133.67, 1
6.1,156.58,0
4.9,155.77, 1
5.6,221.19,0
5.2,205.27, 1
5.6,184.94,0
5.2,121.92, 1
5.7,162.33,0
5.3,151.4, 1
5.5,158.58,0
5.3,87.45, 1
6.1,235.71,0
5.8,144.79, 1
5.8,192.78,0
5.3,152.9, 1
5.9,228.78,0
5.3,117.21, 1
5.4,155.92,0
5.8,141.67, 1
5.9,188.29,0
5.2,100.56, 1
5.5,174.75,0
5.5,70.45, 1
6,281.24,0
5.4,117, 1
6,238.68,0
5.1,140.88, 1
6.1,191.21,0
5.6,140.56, 1
5.9,179.91,0
5.3,194.35, 1
6,276.03,0
5.4,185.78, 1
6,131.21,0
4.7,135.78, 1
6.1,209.44,0
5.1,121.98, 1
5.6,233.34,0
5.2,96.69, 1
5.6,205.65,0
5,134.88, 1
5.9,192.68,0
5,85.2, 1
5.7,241.5,0
5.4,157.58, 1
6.2,254.68,0
4.9,121.98, 1
5.9,306.85,0
5.3,91.4, 1
6.1,185.63,0
5,161.18, 1
5.9,174.88,0
5.4,136.71, 1
6.1,228.75,0
4.9,134.03, 1
5.7,204.72,0
4.9,129.41, 1
5.4,250.53,0
5.4,96.06, 1
6.3,208.46,0
4.7,167.85, 1
5.8,214.92,0
4.8,174.76, 1
5.8,207.5,0
4.8,128.86, 1
5.7,198.81,0
5.9,178.78, 1
5.8,227.24,0
5.3,176.73, 1
5.7,286.79,0
6.1,138.29, 1
5.5,193.67,0
5.2,184.55, 1
6.1,215.84,0
5.4,108.87, 1
6.1,207.78,0
4.7,180.58, 1
5.8,310.62,0
5.3,177.44, 1
6.1,219.16,0
5.7,160.6, 1
6.5,148.06,0
5.4,88.92, 1
6.1,224.57,0
5,145.17, 1
5.8,229.82,0
5.9,141.66, 1
5.9,230.86,0
5.1,168.79, 1
5.9,187.59,0
5.2,155.58, 1
5.7,286.39,0
5.1,180.07, 1
6,234.89,0
5.1,131.65, 1
5.8,178.32,0
5.5,151.99, 1
5.5,268.05,0
5.4,141.61, 1
6,141.68,0
5.3,121.18, 1
5.8,236.77,0
5.1,175.41, 1
6,225.22,0
5.6,250.68, 1
5.5,175.14,0
5.3,149.56, 1
5.9,264.4,0
5.3,137.74, 1
5.8,151.58,0
5.5,139.05, 1
5.8,146.68,0
4.8,168.44, 1
5.5,186.62,0
5.3,201.51, 1
5.7,126.64,0
5.2,110.83, 1
6,154.21,0
5.9,150.39, 1
5.6,179.84,0
5.4,125.9, 1
5.9,249.11,0
5.2,157.1, 1
5.7,265.53,0
5.3,169.13, 1
6.4,230.6,0
5,150.8, 1
5.3,195.04,0
5.4,128.69, 1
5.4,221.54,0
4.8,147.7, 1
6.2,151.08,0
5.5,90.29, 1
5.8,220.99,0
5.5,141.25, 1
6,290.4,0
5.3,138.54, 1
5.8,148.81,0
5.4,140.16, 1
6.1,120.86,0
5.2,149.76, 1
5.8,246.66,0
5,90.57, 1
6,199.97,0
5.2,120.05, 1
5.9,210.17,0
5.1,103.97, 1
5.1,161.48,0
5.5,146.46, 1
6.4,180.2,0
5.4,146.88, 1
6,267.14,0
4.8,119.04, 1
5.9,220.64,0
5.3,158.01, 1
5.8,195.67,0
5.5,184.95, 1
5.8,148.1,0
5.4,113.13, 1
5.2,182.78,0
5.5,191.11, 1
6.4,208.59,0
5.3,168.32, 1
5.7,261.58,0
5.2,125.98, 1
5.5,268.65,0
5.4,153.33, 1
5.5,152.17,0
5.5,138.29, 1
6.5,166.33,0
5.6,106.49, 1
5.7,274.27,0
5.1,129.2, 1
5.4,237.72,0
5.7,133.96, 1
5.7,178.68,0
5.1,151.46, 1
5.7,256.83,0
5.5,113.07, 1
5.8,175.68,0
4.9,157.98, 1
6.1,206.75,0
5.1,128.96, 1
5.8,185.24,0
5.6,141.43, 1
5.2,217.62,0
5,131.94, 1
5.6,166.51,0
5.1,130.43, 1
5.9,286.52,0
5.6,142.2, 1
5.8,129.19,0
5,152.27, 1
5.7,179.67,0
5.5,124.34, 1
5.7,173.3,0
4.9,118.81, 1
6.1,236.81,0
5.2,113.44, 1
6,207.9,0
4.6,97.06, 1
5.8,184.09,0
5.6,151.57, 1
5.4,250.85,0
5.9,148, 1
5.4,205.11,0
5.3,140.31, 1
5.7,208.11,0
5.2,64.92, 1
5.9,149.97,0
5.1,123.91, 1
5.5,132.65,0
5.4,160.74, 1
5.1,305.98,0
5,137.94, 1
5.7,224.87,0
5.6,146.79, 1
5.9,190.21,0
5.3,115.62, 1
5.4,182.33,0
5.4,150.57, 1
5.8,156.02,0
5.1,110.09, 1
6.2,211.07,0
4.7,81.11, 1
5.7,186.69,0
5.6,129.58, 1
6.3,158.58,0
5.7,172.39, 1
5.7,175.1,0
5.2,184.06, 1
5.6,80.61,0
4.8,158.41, 1
5.3,219.39,0
5.3,167.3, 1
5.4,147.92,0
5.2,157.51, 1
5.6,281.48,0
5,105.64, 1
5.5,165.7,0
5.9,113.79, 1
5.3,206.8,0
5.4,135.97, 1
6.2,250.77,0
5.3,197.14, 1
6,241.41,0
4.9,140.15, 1
6,238.97,0
5.7,107.01, 1
5.6,233.57,0
5.5,126.63, 1
6,210.68,0
5.3,164.76, 1
5.9,215.68,0
5.4,142.89, 1
6.2,226.08,0
5.2,133.07, 1
5.4,188.43,0
5.4,129.79, 1
6.3,235.63,0
5.1,98.29, 1
5.4,202.58,0
5,128.27, 1
5.6,216.29,0
5.6,129.27, 1
5.2,270.01,0
5.6,154.63, 1
5.8,168.49,0
5.2,156.48, 1
6,269.28,0
5.3,133.48, 1
5.4,279.52,0
5.4,110.68, 1
5.5,252.76,0
5.2,92.81, 1
5.7,141.4,0
5.7,189.52, 1
5.9,234.88,0
5.9,123.65, 1
6,281.47,0
5.2,179.42, 1
6.1,191.96,0
5.4,86.14, 1
5.7,181.45,0
5.4,146.62, 1
5.3,194.98,0
5.3,211.95, 1
5.7,263.06,0
5.1,81.02, 1
5.9,213,0
5.6,168.37, 1
5.7,153.42,0
4.7,115, 1
6.1,225.67,0
5.6,128.1, 1
5.8,322.92,0
5.1,164.12, 1
5.6,175.94,0
5.3,155.6, 1
6,227.28,0
5.3,134, 1
5.8,237.66,0
5.7,152.37, 1
6.1,216.76,0
5.2,117.1, 1
5.8,269.48,0
5.4,180.14, 1
5.2,185.33,0
5.2,181.4, 1
5.8,215.41,0
4.7,133.07, 1
6,260.72,0
5.4,123.74, 1
5.8,236.29,0
5.9,163.11, 1
5.6,131.32,0
5.3,127.28, 1
5.6,175.33,0
5.3,163.3, 1
5.2,182.04,0
5,125.95, 1
5.9,186.04,0
5.4,198.55, 1
6,247.16,0
5.2,118.71, 1
5.9,210.41,0
5.2,153.44, 1
6.1,191.47,0
5.4,127.94, 1
6,124.32,0
5.8,118.25, 1
5.6,193.21,0
5.5,134.55, 1
6,223.19,0
5.3,171.51, 1
5.8,242.16,0
5.2,120.64, 1
5.6,224.07,0
5.2,159.62, 1
5.8,217.33,0
5.5,102.21, 1
6.2,228.9,0
4.8,170.64, 1
5.3,249.6,0
5.4,172.3, 1
6.3,166.12,0
5.1,125.02, 1
5.6,254.34,0
5.2,135.82, 1
6.3,236.28,0
5.3,158.51, 1
5.7,213.51,0
4.9,129.52, 1
5.6,285.16,0
4.8,128.05, 1
6.2,279.58,0
5.4,147.71, 1
5.7,308.24,0
5,58.72, 1
6.1,170.78,0
5.5,156.52, 1
5.5,162.45,0
4.9,106.22, 1
6,165.63,0
5.5,165.27, 1
6,228.96,0
5.4,99.84, 1
5.6,188.05,0
4.9,166.2, 1
5.1,231.74,0
5.2,139.11, 1
6.1,206.39,0
5.4,144.92, 1
6.1,169.22,0
5.3,155.82, 1
5.4,203.68,0
5.7,144, 1
6,233.62,0
5.1,95.49, 1
5.8,119.54,0
5.2,135.21, 1
5.3,190.07,0
5.3,168.38, 1
5.8,115.75,0
5.3,108.18, 1
6.1,183.86,0
5.3,143.08, 1
5.4,235.58,0
5.1,147.76, 1
5.6,151.51,0
5.6,118.58, 1
5.9,180.85,0
5.5,180.6, 1
5.3,202.16,0
4.8,118.71, 1
5.6,192.73,0
5.4,125.34, 1
5.7,274.68,0
4.9,130.8, 1
6,224.01,0
5.6,174.53, 1
5.9,213.93,0
5.4,177.33, 1
5.7,330.85,0
5.6,156.77, 1
6,127.94,0
5.1,181.29, 1
5.7,143.3,0
5.9,136.45, 1
6.2,174.91,0
5,147.13, 1
6.2,169.82,0
5.2,175.47, 1
6.4,202.52,0
5.1,139.61, 1
5.8,236.68,0
5,110.17, 1
6,197.35,0
5.3,142.29, 1
5.3,251.12,0
4.9,192.1, 1
5.9,253.24,0
5.5,147.28, 1
5.7,248.52,0
5.5,131.66, 1
6,190.32,0
5.3,85.19, 1
5.9,265.13,0
5.3,136.02, 1
5.7,245.61,0
5.1,144.23, 1
5.4,247.24,0
5.2,189.89, 1
6.2,208.3,0
5.8,136.6, 1
5.8,196.84,0
5.4,149.18, 1
5.7,154.77,0
5.5,162.67, 1
5.5,193.33,0
5,157.04, 1
5.9,157.18,0
5.4,175.39, 1
6.2,220.99,0
4.6,187.32, 1
5.5,248.38,0
5.3,217.76, 1
5.9,160.52,0
5.7,187.92, 1
5.7,214.12,0
4.7,137.7, 1
5.7,226.13,0
5.4,96.91, 1
5.7,178.3,0
5.2,169.7, 1
6.6,163.95,0
5.4,103.61, 1
5.2,180.34,0
5.6,160.62, 1
6.1,191.24,0
5.3,165.83, 1
5.8,186.39,0
4.9,190.84, 1
5.6,206.63,0
4.6,121.67, 1
5.9,240.65,0
5.3,189.89, 1
5.7,192.7,0
5.3,134.51, 1
6.3,262.01,0
5.2,151.62, 1
5.8,266.24,0
5.2,223.34, 1
6.1,126.3,0
5,146.32, 1
6.2,195.69,0
5.3,175.65, 1
5.6,261.18,0
4.8,154.37, 1
6.1,131.6,0
4.6,175.84, 1
5.9,238.15,0
5.8,58.5, 1
5.8,245.62,0
5.2,104.98, 1
5.8,251.39,0
5,172.24, 1
6,228.1,0
5.9,161.44, 1
5.5,205.88,0
5.1,136.03, 1
5.3,236.87,0
5,127.21, 1
5.2,329.46,0
4.9,91.91, 1
5.9,226.92,0
5.4,153.85, 1
6,277.07,0
4.9,153.69, 1
6,201.2,0
5.4,104.02, 1
5.3,232.34,0
5.7,144.55, 1
5.8,221.02,0
5.2,107.18, 1
5.5,215.42,0
5,125.39, 1
6,163.43,0
4.9,139.15, 1
6.3,161.35,0
5.5,128.6, 1
6,250.87,0
5.5,158.79, 1
5.5,197.84,0
5.6,127.57, 1
5.7,217.84,0
5.1,179.73, 1
5.3,233.39,0
5.2,174.16, 1
6,198.65,0
5.3,160.86, 1
5.8,167.41,0
5.3,74.93, 1
5.8,226.69,0
5.2,146.47, 1
6.1,170.92,0
4.7,108.59, 1
5.7,155.42,0
5.2,135.28, 1
6.2,257.23,0
5.3,159.04, 1
5.7,232.14,0
5.6,142.01, 1
5.8,230.58,0
5.4,80.37, 1
5.7,221.52,0
5.1,131.64, 1
5.4,203.31,0
5.4,145.28, 1
5.7,229.78,0
4.9,175.51, 1
5.8,222.36,0
5.7,134.37, 1
6.1,231.03,0
5.6,111.85, 1
5.2,257.8,0
5.9,110.72, 1
6,251.91,0
5.3,189.8, 1
5.8,238.02,0
4.9,141.91, 1
6,192.39,0
5.8,159.93, 1
5.9,250.16,0
4.8,177.67, 1
5.7,249.23,0
5.2,144.02, 1
6.2,177.17,0
5.6,138.84, 1
5.6,209.11,0
5.7,187.48, 1
6.6,160.33,0
5.6,81.24, 1
5.4,172.89,0
5.3,154.31, 1
6.3,168.23,0
5.6,118.8, 1
6,224.25,0
5.4,193.26, 1
5.8,173.97,0
5.5,171.71, 1
5.4,222.78,0
4.9,135.12, 1
6.4,128.31,0
5.1,98.55, 1
6,209.38,0
5.3,177.29, 1
6.1,166.33,0
5.4,121.24, 1
5.8,190.15,0
5.1,99.03, 1
5.8,203.42,0
5.2,143.05, 1
5.8,257.39,0
5.2,127.34, 1
5.7,282.31,0
5.1,149.21, 1
5.9,241.87,0
5.3,119.86, 1
5.7,234.04,0
5.4,162.29, 1
5.9,296.86,0
5.7,140.52, 1
6.1,222.25,0
5.4,136.7, 1
6.1,231.68,0
4.8,161.06, 1
5.6,175.86,0
5.3,104.46, 1
6,235.4,0
5.4,132.42, 1
5.5,248.39,0
5.6,120.87, 1
6,285.2,0
5.3,159.77, 1
5.7,185.77,0
5.3,158.05, 1
6,231.44,0
5.4,148.1, 1
5.8,253.97,0
5.3,87.02, 1
5.9,251.56,0
5.4,115.7, 1
5.7,207.98,0
5,114.07, 1
5.6,272.97,0
5.2,92.73, 1
5.7,181.71,0
5.6,165.79, 1
5.2,288.36,0
5.3,125.22, 1
6.1,155.28,0
5.1,135.62, 1
5.9,172.03,0
5.2,171.66, 1
5.8,237.16,0
4.9,128.6, 1
5.7,202.07,0
5.1,120.77, 1
5.8,187.4,0
5.2,118.51, 1
6,223.96,0
4.6,98.59, 1
5.4,198.52,0
5.8,176.52, 1
5.6,249.05,0
5.5,119.9, 1
6.1,233.24,0
5.1,147.55, 1
5.7,217.59,0
5.2,89.67, 1
6.3,174.21,0
5.4,190.12, 1
5.5,207.82,0
4.9,163.93, 1
6,225.54,0
5.4,118.99, 1
5.6,207.47,0
5.3,131.46, 1
5.6,195.87,0
5.5,186.07, 1
5.8,250.97,0
5,184.73, 1
5.6,191.16,0
5.5,186.78, 1
6.1,179.28,0
5.1,186.46, 1
5.9,273.45,0
5.6,133.16, 1
6,256.43,0
5.2,167.55, 1
5.6,220.21,0
5.2,123.9, 1
5.5,169.58,0
5,145.75, 1
5.3,204.95,0
5.3,140.58, 1
5.9,210.96,0
5.6,162.23, 1
6.4,191.17,0
5.2,159.25, 1
5.3,208.71,0
5.3,146.99, 1
5.6,239.67,0
5,179.4, 1
4.5,161.12,0
5.2,167.82, 1
6,230.83,0
5.6,131.63, 1
6,182.93,0
5.1,136.37, 1
5.7,165.6,0
5.2,150.83, 1
5.9,224.61,0
5.3,115.34, 1
5.8,163.31,0
5.3,182.68, 1
5.8,192.06,0
5.1,132.55, 1
6.6,272.37,0
5.5,112.75, 1
5.3,203.86,0
5.6,149.27, 1
5.7,203.39,0
5.1,126.16, 1
6.3,217.49,0
5,150.16, 1
5.8,209.52,0
5.1,107.84, 1
6,239.22,0
5.3,150.9, 1
6.2,219.81,0
5.6,147.63, 1
6,254.46,0
5.2,95.75, 1
6.1,221.05,0
5.6,106.16, 1
5.6,188.36,0
5.2,96.87, 1
6.2,146.7,0
4.5,155.88, 1
5.9,182.68,0
4.9,91.14, 1
5.9,226.95,0
5.1,174.29, 1
6.4,276.18,0
5.9,150.38, 1
5.7,214.76,0
5.2,135.78, 1
5.7,166.86,0
5.2,154.75, 1
6,209.8,0
5.3,131.97, 1
6,222.93,0
5.3,171.16, 1
6.3,202.34,0
5.3,138.73, 1
5.8,151.13,0
5.6,185.59, 1
5.7,158.19,0
5,190.47, 1
5.9,213.73,0
5.9,125.15, 1
5.7,172.1,0
5.3,131.17, 1
6.1,223.66,0
4.8,180.09, 1
5.7,246.09,0
5.4,170.21, 1
5.7,171.28,0
5.2,200.93, 1
5.9,169.67,0
4.8,131.16, 1
6.2,211.31,0
5.8,122.46, 1
5.5,189.1,0
5.3,133.29, 1
6.1,199.4,0
5,126.14, 1
5.5,179.26,0
5.2,172.93, 1
5.6,207.83,0
5.1,143.85, 1
6.2,176.47,0
5.4,158.47, 1
5.8,166.97,0
5.3,157.64, 1
6.1,177.75,0
5.8,168.91, 1
5.5,191.24,0
5.4,144, 1
5.8,229.88,0
5.4,109.4, 1
5.5,192.47,0
5,168.24, 1
5.7,244.19,0
5.8,135.21, 1
5.8,173.99,0
5.4,145.76, 1
5.7,143.68,0
5.2,136.2, 1
5.8,111.66,0
5.5,170.26, 1
5.8,212.33,0
5,131.47, 1
5.2,203.43,0
5.3,146.48, 1
5.7,307.91,0
4.9,154.17, 1
6,240.53,0
5.3,127.89, 1
5.4,239.99,0
5.7,107.22, 1
6.3,126.95,0
5.4,201.74, 1
5.7,165.16,0
5.6,132.25, 1
5.6,166.72,0
5.1,115.74, 1
5.4,196.98,0
5.7,102.03, 1
5.9,226.4,0
4.8,138.64, 1
5.2,168.32,0
5,111.17, 1
5.6,191.77,0
4.6,164.39, 1
5.6,181.92,0
5.5,145.21, 1
5.8,261.46,0
5.5,99.02, 1
6,232.75,0
5.4,159.76, 1
6,171.57,0
5,100.74, 1
5.5,221.8,0
4.8,166.28, 1
5.8,201.19,0
4.6,170.59, 1
5.2,232.74,0
5.4,181.05, 1
5.9,219.81,0
5.2,177.82, 1
5.4,230.16,0
5.8,132.3, 1
6,201.81,0
4.9,153.9, 1
6.3,210.31,0
5.6,142.81, 1
5.9,207.24,0
5.3,110.58, 1
6.1,210.83,0
5.5,114.43, 1
5.3,209.8,0
5.7,128.74, 1
5.2,210.12,0
5.9,164, 1
5.4,212.52,0
5.5,124.91, 1
5.6,188.3,0
5.7,127.24, 1
5.9,219.4,0
5.6,159.82, 1
5.3,116.9,0
5.4,117.6, 1
6,204.99,0
4.9,175.08, 1
5.9,247.52,0
5.4,132.98, 1
6.3,216.54,0
5.4,126.73, 1
5.5,166.11,0
5.2,139.8, 1
5.9,262.02,0
5.3,147.65, 1
5.8,217.42,0
5.3,148.33, 1
5.3,200.64,0
5.7,170.74, 1
5.9,239.51,0
5.2,221.32, 1
6.1,155.6,0
5.1,166.77, 1
5.6,137.87,0
5.5,124.47, 1
5.3,239.8,0
5,120.42, 1
6.1,219.15,0
4.8,183.69, 1
6.1,177.38,0
4.9,95.6, 1
5.5,132.45,0
5.2,152.09, 1
6,159.67,0
4.8,93.67, 1
6.2,235.76,0
5.5,103.17, 1
5.5,212.17,0
5.6,199.63, 1
5.7,230.53,0
6.1,130.51, 1
5.7,140.14,0
5.5,127.06, 1
5.5,228.11,0
4.7,122.54, 1
6.4,240.81,0
4.9,99.08, 1
6.2,241.37,0
5.5,176.38, 1
6.2,233.94,0
5.2,152.42, 1
5.8,257.95,0
4.7,171.44, 1
6,178.94,0
5.7,106.54, 1
6,260.71,0
5.6,120.64, 1
5.9,214.7,0
5.6,127, 1
5.3,276.33,0
4.7,182.54, 1
5.8,194.26,0
5.4,158.04, 1
5.8,177.1,0
5.7,71.01, 1
6.1,251.08,0
5.6,86.05, 1
5.7,241.64,0
5.8,121.43, 1
5.5,219.05,0
5.4,181.63, 1
5.7,208.65,0
4.9,160.14, 1
5.1,151.84,0
4.7,161.99, 1
5.4,227.7,0
5.5,143.46, 1
5.8,174.04,0
6.4,107.57, 1
6,150.48,0
4.8,157.94, 1
5.8,126.76,0
5.5,82.64, 1
5.3,234.87,0
5.1,161.38, 1
6,187.47,0
5.2,109.68, 1
5.7,136.78,0
5.5,105.38, 1
5.5,213.94,0
5.4,128.02, 1
5.8,180.25,0
5.5,119.36, 1
5.9,181.82,0
5.8,102.9, 1
5.8,185.08,0
4.9,152.19, 1
5.2,204.45,0
5.4,139.05, 1
5.8,147.21,0
5.1,127.25, 1
5.6,231.26,0
5.4,111.48, 1
5.9,198.07,0
5.2,161.11, 1
5.5,245.56,0
5,148.69, 1
6,248.31,0
5.3,111.52, 1
5.8,163.09,0
5.2,137.14, 1
5.7,207.71,0
5.5,168.64, 1
5.8,270.67,0
5,162.24, 1
6,129.81,0
5.4,185.05, 1
5.7,178.02,0
5.3,138.31, 1
5.6,293.39,0
5.3,96.73, 1
6.1,270.23,0
5.1,184.13, 1
5.8,244.32,0
5.4,123.83, 1
5.3,279.18,0
5.6,122.27, 1
5.2,192.89,0
5.9,160.37, 1
5.4,175.1,0
5.7,196.87, 1
6,215.26,0
5.7,142.22, 1
5.5,175.64,0
5.7,129.14, 1
6.1,278.85,0
5.7,124.8, 1
5.7,178.61,0
5.3,155.54, 1
5.8,175.6,0
4.9,155.69, 1
5.9,293.72,0
4.9,102.72, 1
5.3,241.2,0
5.5,100.62, 1
5.5,264.74,0
5.4,107.12, 1
6.2,162.48,0
5.1,163.99, 1
5.3,192.74,0
5,119.61, 1
5.7,185.82,0
5.2,141.09, 1
5.6,217.38,0
5.4,108.45, 1
5.7,170.45,0
5.3,133.52, 1
5,192.22,0
4.8,121.01, 1
6,198.56,0
5.3,135.38, 1
5.8,238.46,0
5.2,125.31, 1
6.2,199.56,0
5.6,79.41, 1
6,180.63,0
5.5,148.8, 1
5.5,187.09,0
5.4,117.16, 1
5,225.62,0
5.4,138.59, 1
6.1,249.1,0
5.5,119.9, 1
6.2,232.39,0
5.5,99.98, 1
5.2,203.75,0
5.5,133.06, 1
6.5,195.77,0
5.5,163.15, 1
5.7,169.73,0
5.4,101.33, 1
5.9,179.29,0
5.4,125.13, 1
5.9,227.09,0
5.9,164.03, 1
6.2,242.77,0
5.7,170.59, 1
6,258.16,0
5.3,101.22, 1
5.7,202.78,0
5.4,201.64, 1
6,242.54,0
5.3,138.31, 1
5.3,222.51,0
5.6,110.61, 1
5.7,187.75,0
5.2,162.58, 1
6,238.5,0
5.6,121.75, 1
5.7,200.32,0
4.8,172.04, 1
5.8,199.57,0
5.4,99.73, 1
5.9,233.7,0
5,106.1, 1
6.1,236.47,0
4.9,137.03, 1
6.1,210.62,0
5.4,89.81, 1
6.3,221.13,0
5.2,138.79, 1
5.4,248.04,0
5.1,129.02, 1
5.5,182.34,0
5.2,83.02, 1
5.4,201.27,0
5.2,161.52, 1
5.6,193.84,0
5.3,109.74, 1
6.2,281.12,0
5.3,123.68, 1
6.1,199.16,0
5.7,165.19, 1
6.3,198.81,0
5.1,129.23, 1
5.5,256.67,0
5.1,113.7, 1
5.9,171.11,0
5.6,165.32, 1
6.2,222.5,0
4.9,141.41, 1
5.5,203.71,0
5.2,165.2, 1
6,186.44,0
4.9,176.94, 1
5.8,187.61,0
5.1,187.07, 1
6.3,184.38,0
5.3,98.88, 1
5.7,249.19,0
5.1,163.97, 1
5.8,223.14,0
5.6,121.74, 1
5.9,264.13,0
4.9,145.55, 1
6.6,196.75,0
5.6,131.47, 1
6.1,112.07,0
4.9,100.72, 1
6.1,332.61,0
5.2,142.59, 1
5.9,216.17,0
5.8,140.82, 1
6.3,258.59,0
5.2,186.1, 1
5.9,268.88,0
5.3,101.7, 1
5.8,190.12,0
5.8,179.08, 1
5.6,246.95,0
5,175.76, 1
6.1,196.64,0
5.5,117.81, 1
6.3,260.24,0
5.3,134.98, 1
6.1,203.98,0
5.6,126.9, 1
5.6,257.16,0
5.1,129.62, 1
5.3,220.18,0
5,179.16, 1
6,246.56,0
5.6,160.22, 1
5.8,190.5,0
5.5,168.72, 1
5.4,230.45,0
5.9,105.47, 1
5.7,178.55,0
5.3,167.83, 1
6.1,211.21,0
5.1,128.32, 1
5.6,210.74,0
4.9,103.74, 1
5.7,232.03,0
5.2,158.84, 1
5.8,190.34,0
5.6,145, 1
5.6,187.15,0
5.7,209.18, 1
5.6,240.11,0
5.3,191.95, 1
5.8,150.78,0
4.9,140.73, 1
5.6,196.42,0
5,197.07, 1
5.7,238.82,0
5,132.69, 1
6,276.28,0
5.8,153.83, 1
6.6,217.91,0
5.2,157.44, 1
5.7,213.65,0
5.4,140.81, 1
5.9,267.5,0
5.2,114.49, 1
5.8,215.6,0
5.5,168.19, 1
6.6,152.86,0
5.3,148.22, 1
5.7,182.06,0
5.6,156.95, 1
5.6,182.16,0
4.9,72.58, 1
5.9,248.85,0
4.5,104.1, 1
6.2,224.67,0
5.8,187.81, 1
5.9,165.43,0
5.2,114.86, 1
5.8,177.1,0
5.4,119.44, 1
5.2,192.01,0
5.7,119.85, 1
5.3,311.38,0
4.9,149.98, 1
5.7,182.78,0
5.2,109.9, 1
5.5,203.47,0
5.1,145.73, 1
5.9,196.42,0
5.3,157.37, 1
5.6,202.29,0
5.6,182.23, 1
5.8,271.48,0
5.2,136.57, 1
5.8,178.75,0
5.5,188.9, 1
5.9,248.91,0
5.2,114.48, 1
5.8,234.46,0
5.1,176.85, 1
5.7,181.71,0
5,154.46, 1
5.9,253.75,0
5.5,103.22, 1
5.8,137.03,0
5.4,143.66, 1
5.9,218.45,0
4.9,131.48, 1
5.8,325.15,0
5,143.23, 1
5.6,200.84,0
4.9,107.52, 1
5.7,205.91,0
5.3,150.53, 1
5.9,188.79,0
5.4,122.33, 1
5.4,186.56,0
5,74.56, 1
6,189.57,0
5.5,114.51, 1
6,211.5,0
4.7,166.99, 1
5.5,212.15,0
4.5,145.13, 1
5.6,240.02,0
5.4,163.16, 1
5.4,229.49,0
5.4,92.62, 1
6,154.66,0
5.6,124.99, 1
5.4,249.89,0
5.3,206.85, 1
5.5,261.94,0
5.6,109.05, 1
6.1,278.46,0
5.2,165.63, 1
5.7,197.48,0
5,152.9, 1
6,215.86,0
5.6,170.25, 1
6.1,227.27,0
5.2,160.66, 1
6,248.95,0
5,93.44, 1
5.9,231.79,0
6,159.27, 1
6.1,204.07,0
5.3,154.33, 1
5.8,291.7,0
5.1,159.93, 1
6.2,202.87,0
4.8,86.61, 1
6,210.5,0
5.6,158.25, 1
5.5,208.07,0
5.4,121.63, 1
6,227.56,0
5.8,88.6, 1
6.1,176.22,0
4.8,139.04, 1
6,134.23,0
5.4,127.32, 1
5.4,166.54,0
6,82.96, 1
5.8,241.58,0
5.5,150.6, 1
5.7,207.45,0
5.6,153.02, 1
5.5,218.42,0
5.6,144.7, 1
6,179.23,0
4.9,180.32, 1
6.1,149.45,0
4.8,157.18, 1
6.5,274.3,0
5.2,145.84, 1
5.8,200.83,0
5.5,175.06, 1
6.1,225.89,0
5,110.3, 1
5.6,246.35,0
4.9,119.64, 1
5.6,159.7,0
5.1,182.07, 1
5.2,245.18,0
5.5,112.03, 1
6,147.32,0
5.2,116, 1
6.2,143.89,0
5.5,155.24, 1
5.8,239.05,0
4.8,145.99, 1
5.5,264.92,0
5.2,169.25, 1
6.2,217.68,0
5.4,117.52, 1
5.4,106.94,0
5.7,117.87, 1
6,245.83,0
5.3,129.36, 1
6.2,242.93,0
5.1,80.55, 1
5.9,169.48,0
5.3,163.45, 1
6,138.25,0
5.8,122, 1
6.7,182.69,0
5,115.87, 1
5.9,196.6,0
5,126.9, 1
5.3,222.38,0
5,151.26, 1
5.6,227.24,0
5.1,145.6, 1
6.3,158.08,0
5.3,143.91, 1
6,251.96,0
5.2,166.25, 1
5.5,270.2,0
4.9,200.82, 1
5.3,250.88,0
5.2,154.25, 1
5.9,172.41,0
5.1,135.09, 1
6.1,175.8,0
4.8,110.48, 1
5.6,202.69,0
4.7,167.65, 1
5.9,144.21,0
4.9,164.26, 1
5.7,207.33,0
5.8,111.09, 1
6.6,328.91,0
4.6,113.95, 1
5.6,76.4,0
5.7,172.43, 1
6.1,237.99,0
5.7,191.61, 1
6,194.07,0
5.6,137.1, 1
5.7,172.96,0
5.5,83.37, 1
5.6,216.54,0
5.3,190.59, 1
5.6,203.88,0
5.6,168.99, 1
5.5,199.05,0
4.9,207.3, 1
5.2,205.28,0
5.4,102.85, 1
5.9,220.25,0
5.3,106.55, 1
5.7,168.76,0
5.6,113.55, 1
5.6,170.66,0
5.8,199.88, 1
5.2,193.2,0
5.4,123.99, 1
6,312.05,0
5.3,188.1, 1
5.1,228.11,0
5.5,75.67, 1
6,247.73,0
5.8,121.48, 1
6.3,180.74,0
4.8,149.98, 1
6.4,262.03,0
4.7,111.18, 1
5.7,236.84,0
5.4,146.2, 1
6,237.6,0
4.9,178.71, 1
5.8,229.57,0
5.9,123.1, 1
5.5,169.85,0
5.6,147.11, 1
5.7,203.33,0
5.4,124.93, 1
5.7,245.39,0
5.2,155.74, 1
6.5,232.44,0
5.4,132.02, 1
6.1,213.73,0
5.9,155.08, 1
5.4,184.13,0
5.2,137.95, 1
5.7,199.42,0
5.7,122.64, 1
6.5,262.46,0
5.3,107.23, 1
5.9,134.62,0
5.1,132.07, 1
5.9,175.09,0
5.3,180.5, 1
5.9,224.9,0
5.5,131, 1
5.7,221.69,0
5.9,144.48, 1
6.2,210.08,0
4.9,151.94, 1
5.8,233.04,0
5.4,142.02, 1
5.7,179.11,0
5.1,136.6, 1
5.6,181.78,0
5.3,181.41, 1
5.4,204.94,0
5.6,139.69, 1
5.7,188.31,0
5.5,141.27, 1
6,139.5,0
5.3,153.35, 1
5.7,193.3,0
5.5,69.73, 1
6.1,123.72,0
5.2,141.21, 1
5.3,191.28,0
5.2,118.51, 1
6.5,258.97,0
5.7,138.98, 1
5.8,281.59,0
5.3,116.28, 1
5.9,256.24,0
5,131.82, 1
6.1,206.56,0
5.1,92.41, 1
6.1,206.8,0
5.2,191.48, 1
5.7,211.2,0
5.3,121.17, 1
5.5,132.76,0
5,163.92, 1
5.2,176.77,0
5.6,110.02, 1
5.9,197.34,0
5.4,129.62, 1
6,150.72,0
5.8,185.35, 1
6.1,219.05,0
5.2,108.97, 1
6.2,191.03,0
5.5,121.86, 1
5.4,226.32,0
5.6,140.97, 1
6.1,261.79,0
5.3,105.81, 1
5.5,196.84,0
5.4,130.78, 1
5.7,162.43,0
5,154.16, 1
5.9,323.58,0
5.3,103.56, 1
5.9,242.25,0
5.2,176.85, 1
5.5,209.59,0
5.7,143.2, 1
5.9,268.13,0
5.9,120.29, 1
5.5,145.1,0
5.4,132.69, 1
5.6,185.14,0
5.6,120.79, 1
5.8,258.23,0
5.4,162.45, 1
5.9,214.76,0
5.5,125.4, 1
5.5,221.22,0
5.4,137.41, 1
6.1,257.31,0
5.5,151.69, 1
5.7,226.66,0
5.1,142.36, 1
5.4,288.01,0
5.2,184.85, 1
5.5,223.63,0
5,142.85, 1
5.8,132.02,0
5.9,140.1, 1
5.4,220.02,0
5.3,199.27, 1
5.2,191.19,0
5.3,179.05, 1
5.6,236.04,0
5,165.27, 1
5.8,217.92,0
5.4,169.97, 1
6,228.8,0
5.4,106.05, 1
5.5,190.29,0
5.1,117.46, 1
5.5,288.08,0
5.6,122.09, 1
6.4,143.11,0
5.6,156.49, 1
6,210.63,0
5,118.19, 1
5.5,148.43,0
4.9,104.41, 1
6,157.44,0
5.4,70.52, 1
5.8,182.36,0
5.3,171.74, 1
6.1,209.36,0
5.2,184.75, 1
5.9,194.58,0
5.5,119.83, 1
6.3,217.94,0
5.2,165.11, 1
5.6,228.04,0
5.7,176.27, 1
5.6,186.83,0
5.6,151.18, 1
5.7,232.56,0
5.6,112.09, 1
5.7,261.7,0
5.4,204.18, 1
5.4,105.85,0
5.4,174.22, 1
5.3,240.84,0
5,154.43, 1
6.4,250.69,0
5.6,129.51, 1
6.4,165.88,0
5.2,174.51, 1
6.1,211.24,0
5.1,184.34, 1
5.9,204.71,0
5.3,185.64, 1
5.8,209.76,0
5,184.44, 1
6.3,245.77,0
5.4,129.25, 1
6,199.81,0
5.2,164.62, 1
5.8,203.55,0
5.3,154.24, 1
5.8,201.1,0
5.1,136.1, 1
5.8,199.91,0
4.9,147.23, 1
5.9,201.85,0
5,132.48, 1
6,116.82,0
5.6,104.35, 1
6,243.46,0
5.2,164.29, 1
6,236.82,0
5.7,197.08, 1
5.5,177.43,0
5,100.69, 1
5.8,241.62,0
5.4,120.9, 1
5.4,246.36,0
5.2,129.09, 1
5.7,241.17,0
5.1,119.83, 1
6.2,230.47,0
5.3,140.88, 1
6.2,199.02,0
5.4,144.6, 1
6.2,304.33,0
5.3,140.19, 1
5.9,205.16,0
5,117.22, 1
5.9,176.01,0
5.6,82.81, 1
5.7,221.45,0
5.3,131.4, 1
5.7,281.05,0
5.2,213.67, 1
5.9,272.4,0
5.5,153.28, 1
5.6,197.65,0
5.4,96.88, 1
5.7,220.28,0
5,180.55, 1
5.5,243.26,0
5.6,86.89, 1
5.8,183,0
4.8,194.14, 1
5.9,184.21,0
5.2,153.1, 1
5.6,279.91,0
5.8,218.12, 1
5.5,241.29,0
5.4,121.55, 1
5.8,262.06,0
5.4,155.81, 1
5.6,198.4,0
5.7,119.85, 1
5.2,224.43,0
5.1,148.49, 1
5.9,210.33,0
5.5,160.86, 1
5.7,170.54,0
5.8,166.43, 1
6.2,279.19,0
4.8,127.92, 1
6,138.64,0
5.5,141.88, 1
5.9,234.01,0
5.1,172.14, 1
6,163.13,0
5.8,150.64, 1
6.4,219.75,0
5,145.45, 1
5.8,207.42,0
5.3,138.87, 1
5.6,146.54,0
5.2,143.79, 1
5.9,173.31,0
5.1,134.62, 1
5.7,227.97,0
5.4,182.03, 1
6,228.19,0
5.2,89.66, 1
5.4,180.21,0
5.6,130.01, 1
5.9,263.02,0
5.8,89.23, 1
5.6,217.04,0
5.1,165.56, 1
5.3,192.98,0
5.8,146.28, 1
5.7,216.13,0
5.2,123.13, 1
5.6,256.59,0
4.8,102.22, 1
5.9,150.92,0
5.4,130.97, 1
6,295.55,0
5.1,157.84, 1
5.7,216.5,0
5.2,146.8, 1
5.8,160.58,0
4.9,123.38, 1
5.9,177.38,0
5.1,135.37, 1
5.8,125.28,0
5.3,120.64, 1
5.9,229.73,0
5.7,110.7, 1
6.2,192.73,0
5.2,178.36, 1
6.3,219.96,0
4.6,96.3, 1
6,105.66,0
5.4,96.89, 1
5.3,244.66,0
5.5,184.33, 1
5.7,174.01,0
4.6,157.63, 1
5.9,311.45,0
5.2,136.26, 1
6.3,173.04,0
5.6,143.56, 1
5.7,188.2,0
4.6,139.47, 1
6.1,235.16,0
5.1,146.69, 1
5.9,198.05,0
5.5,131.59, 1
5.9,175.84,0
5.1,116.87, 1
5.9,254.68,0
5.4,107.9, 1
6.1,180.53,0
5.7,106.36, 1
5.9,156.75,0
5.5,165.3, 1
5.3,214.84,0
5.6,154.79, 1
5.8,214.31,0
5.4,100.7, 1
5.4,210.52,0
5.8,181.75, 1
5.7,268.04,0
5.3,177.61, 1
5.6,291.53,0
5.4,96.35, 1
5.6,174.36,0
5.4,127.23, 1
5.6,217.12,0
5.2,112.47, 1
5.8,202.12,0
5.2,153.25, 1
5.6,237.37,0
5.3,120.88, 1
6,220.72,0
5.2,154.18, 1
5.4,183.33,0
5.1,89.94, 1
5.8,237.32,0
5.9,143.22, 1
5.6,214.06,0
5.2,119.24, 1
5.6,274.43,0
5.1,136.88, 1
5.5,217.66,0
5.8,167.93, 1
6.3,305.28,0
5.3,131.89, 1
6.1,246.48,0
5.6,119.8, 1
5.8,187.47,0
4.9,104.39, 1
5.5,231.24,0
5.3,178.19, 1
5.5,227.99,0
5.2,209.38, 1
5.5,181.88,0
5.2,142.98, 1
5.4,237.27,0
5.8,152.72, 1
5.8,198.36,0
5.7,176.45, 1
5.6,139.47,0
5.6,149.39, 1
5.6,193.99,0
5.5,77.51, 1
6.1,228.32,0
5.3,101.6, 1
5.5,282.94,0
5.3,197.34, 1
5.9,232.04,0
6.1,133.16, 1
6,253.42,0
5.2,156.54, 1
5.9,231.17,0
5.2,150.96, 1
5.4,191.5,0
5.1,171.63, 1
6,251.6,0
5.4,269.74, 1
5.7,169.05,0
5.3,153.19, 1
5.6,277.03,0
5.6,118.52, 1
6.1,215.09,0
5.3,149.77, 1
6,186.06,0
5.7,105.53, 1
6.2,259.85,0
5,156, 1
5.2,165.5,0
5.3,183.71, 1
5.7,223.82,0
4.9,134.6, 1
5.5,224.19,0
4.9,176.82, 1
5.2,242.83,0
5.5,140.26, 1
5.5,191.42,0
5,199.12, 1
6.1,200.47,0
5,117.14, 1
6.1,224.01,0
5.1,139.88, 1
6.1,158.38,0
4.6,173.28, 1
6,188.13,0
5.5,91.76, 1
5.6,168.84,0
5.9,161.68, 1
6.6,220.91,0
4.8,91.1, 1
6.1,164.08,0
5.3,165.25, 1
5.6,241.03,0
5,194.76, 1
5.7,134.16,0
5.3,164.86, 1
5.3,157.51,0
5.1,144.11, 1
5.9,309.13,0
5.3,175.91, 1
5.9,181.42,0
5.1,145, 1
5.6,111.26,0
5,132.3, 1
5.9,212.76,0
5.4,186.45, 1
6.2,224.42,0
5.4,178.61, 1
5.6,194.72,0
5.5,139.66, 1
5.8,264.22,0
5.3,119.67, 1
5.9,207.41,0
5.3,112.87, 1
5.7,142.44,0
6.2,161.92, 1
5.6,186.87,0
5.5,95.03, 1
6.1,162.9,0
5.4,124.41, 1
6.1,144.28,0
4.5,170.68, 1
6.1,205.5,0
4.9,115.65, 1
6.1,161.18,0
5.2,172.31, 1
5.9,168.56,0
5.2,149.62, 1
5.1,293.21,0
5.5,145, 1
5.4,238.16,0
5,112.62, 1
6.1,284.12,0
5.4,109.45, 1
6.1,224.75,0
5.3,124.64, 1
5.4,198.71,0
5.7,147.03, 1
5.4,195.92,0
5.4,124.15, 1
6,210.64,0
5.3,176.07, 1
5.5,275.09,0
5.4,122.61, 1
5.7,117.76,0
4.9,130.76, 1
6,196.64,0
5.8,90.1, 1
5.9,129.33,0
5.4,128.43, 1
5.6,164.61,0
6.2,91.98, 1
5.8,240.48,0
4.7,212.66, 1
6.2,160.18,0
5.1,106.81, 1
5.7,180.1,0
5.2,121.89, 1
5.5,234.67,0
5.4,123.76, 1
6,215.66,0
5,130.78, 1
5.5,182.01,0
5,145.98, 1
5.8,307.39,0
5.8,92.12, 1
6.2,145.59,0
4.7,121.95, 1
6,178.14,0
5.4,185.76, 1
5.4,308.58,0
5.7,138.05, 1
5.4,171.7,0
5,159.93, 1
5.5,168.18,0
5.7,133.77, 1
5.6,239.81,0
5.6,147.49, 1
5.8,168.18,0
5.3,163.03, 1
5.8,262.74,0
5.4,113.3, 1
5.9,151.62,0
5.5,163.98, 1
6.1,331.14,0
5.1,186.67, 1
5.8,243.96,0
5,121.83, 1
5.9,235.51,0
5.3,173.47, 1
5.8,215.74,0
5.6,169.06, 1
5.8,162.1,0
5.5,165.51, 1
5.9,276.46,0
5.1,71.82, 1
5.8,217.62,0
5.7,115.94, 1
5.9,202.09,0
4.8,125.25, 1
5.4,314.93,0
5.2,133.1, 1
6.1,223.58,0
5.2,131.22, 1
6.2,203.91,0
5.8,168.45, 1
6.2,156.48,0
5.5,152.42, 1
5.7,206.64,0
5.5,135.81, 1
6,189.56,0
4.8,143.3, 1
5.5,210.97,0
5.1,179.08, 1
6.2,113.52,0
5.2,101.2, 1
6.1,175,0
5.4,65.35, 1
5.6,249.98,0
5.8,147.42, 1
5.2,248.33,0
5.1,177.79, 1
5.4,221.11,0
5.5,116.32, 1
6,227.09,0
5.5,147.1, 1
6.1,189.6,0
5.2,91.18, 1
6.3,149.78,0
5.2,152.85, 1
5.9,207.34,0
5,109.37, 1
5.8,190.49,0
5.6,126.56, 1
6.1,170.33,0
5.6,85.04, 1
5.3,166.01,0
5.1,114.41, 1
5.8,257.25,0
5.2,179.95, 1
6.2,202.61,0
5.1,147.3, 1
5.3,148.84,0
5.2,133.16, 1
6,183.12,0
5.5,210.78, 1
5,196.37,0
5.2,135.43, 1
5.8,241.05,0
5.3,120.39, 1
5.2,103.64,0
5,138.24, 1
5.9,215.89,0
5.6,160.47, 1
5.8,275.22,0
5.2,208.7, 1
6.2,174.63,0
6,173.26, 1
5.8,233.56,0
5.6,151.04, 1
6.5,239.72,0
5.3,90.51, 1
6.2,208.86,0
5.1,178.78, 1
6.1,224.17,0
5.5,120.07, 1
6.1,177.49,0
5.1,108.7, 1
6.1,192.7,0
5.8,112.78, 1
5.8,273.27,0
5.2,116.89, 1
5.6,169.67,0
5,122.68, 1
5.8,245.25,0
5.3,151.73, 1
6,202.75,0
5.3,199.01, 1
6.1,212.14,0
4.9,96.88, 1
6.1,165.48,0
4.9,166.48, 1
5.7,186.66,0
5.3,120.21, 1
5.9,183.18,0
4.6,160.7, 1
5.6,140.3,0
5.3,184, 1
5.9,127.41,0
4.7,142.12, 1
6,275.34,0
5.6,99.98, 1
5.7,225.85,0
5.5,180.12, 1
5.8,173.27,0
5.4,116.01, 1
6.3,228.13,0
4.9,99.5, 1
5.3,191.97,0
5.7,132.61, 1
5.3,215.2,0
5.1,127.22, 1
5.6,270.1,0
4.8,92.1, 1
5.9,196.12,0
5.8,165.39, 1
5.3,173.85,0
5.6,125.38, 1
5.9,230.79,0
5.4,139.32, 1
5.9,176.41,0
4.9,171.17, 1
5.7,206.18,0
5.4,149.28, 1
5.9,230.58,0
5.6,116.51, 1
5.5,170.82,0
5.4,136.32, 1
6.2,218.82,0
5.3,162.45, 1
5.8,213.77,0
